filename,notes,authors,licenses,urls
"beards/beard/trimmed/walk.png","","ElizaWy","OGA-BY 3.0","https://github.com/ElizaWy/LPC/tree/main/Characters/Hair,https://opengameart.org/content/lpc-expanded-sit-run-jump-more"
"body/bodies/female/walk.png","see details at https://opengameart.org/content/lpc-character-bases","Benjamin K. Smith (BenCreating),bluecarrot16,TheraHedwig,Evert,MuffinElZangano,Durrani,Pierre Vigier (pvigier),ElizaWy,Matthew Krohn (makrohn),Johannes Sjölund (wulax),Stephen Challener (Redshrike)","OGA-BY 3.0,CC-BY-SA 3.0,GPL 3.0","https://opengameart.org/content/liberated-pixel-cup-lpc-base-assets-sprites-map-tiles,https://opengameart.org/content/lpc-medieval-fantasy-character-sprites,https://opengameart.org/content/lpc-ladies,https://opengameart.org/content/lpc-7-womens-shirts,https://opengameart.org/content/lpc-jump-expanded,https://opengameart.org/content/lpc-be-seated,https://opengameart.org/content/lpc-revised-character-basics,https://gitlab.com/vagabondgame/lpc-characters,https://opengameart.org/content/lpc-male-jumping-animation-by-durrani,https://opengameart.org/content/lpc-runcycle-and-diagonal-walkcycle"
"body/bodies/male/walk.png","see details at https://opengameart.org/content/lpc-character-bases; 'Thick' Male Revised Run/Climb by JaidynReiman (based on ElizaWy's LPC Revised)","bluecarrot16,JaidynReiman,Benjamin K. Smith (BenCreating),Evert,Eliza Wyatt (ElizaWy),TheraHedwig,MuffinElZangano,Durrani,Johannes Sjölund (wulax),Stephen Challener (Redshrike)","OGA-BY 3.0,CC-BY-SA 3.0,GPL 3.0","https://opengameart.org/content/liberated-pixel-cup-lpc-base-assets-sprites-map-tiles,https://opengameart.org/content/lpc-medieval-fantasy-character-sprites,https://opengameart.org/content/lpc-male-jumping-animation-by-durrani,https://opengameart.org/content/lpc-runcycle-and-diagonal-walkcycle,https://opengameart.org/content/lpc-revised-character-basics,https://opengameart.org/content/lpc-be-seated,https://opengameart.org/content/lpc-runcycle-for-male-muscular-and-pregnant-character-bases-with-modular-heads,https://opengameart.org/content/lpc-jump-expanded,https://opengameart.org/content/lpc-character-bases"
"body/bodies/zombie/walk.png","","Stephen Challener (Redshrike),Johannes Sjölund (wulax),Sander Frenken (castelonia),Benjamin K. Smith (BenCreating),bluecarrot16","OGA-BY 3.0,CC-BY-SA 3.0,GPL 3.0","https://opengameart.org/content/liberated-pixel-cup-lpc-base-assets-sprites-map-tiles,https://opengameart.org/content/lpc-medieval-fantasy-character-sprites,https://opengameart.org/content/lpc-zombie,https://opengameart.org/content/lpc-character-bases"
"body/wound/arm/walk.png","","Benjamin K. Smith (BenCreating),Sander Frenken (castelonia)","CC-BY-SA 3.0,GPL 3.0","https://opengameart.org/content/lpc-zombie"
"body/wound/brain/walk.png","","Benjamin K. Smith (BenCreating),Sander Frenken (castelonia)","CC-BY-SA 3.0,GPL 3.0","https://opengameart.org/content/lpc-zombie"
"body/wound/eye_left/walk.png","Zombie by BenCreating, commissioned by castelonia; flipped (left eye) variant by JaidynReiman","JaidynReiman,Benjamin K. Smith (BenCreating),Sander Frenken (castelonia)","CC-BY-SA 3.0,GPL 3.0","https://opengameart.org/content/lpc-zombie"
"body/wound/mouth/walk.png","","Benjamin K. Smith (BenCreating),Sander Frenken (castelonia)","CC-BY-SA 3.0,GPL 3.0","https://opengameart.org/content/lpc-zombie"
"facial/glasses/nerd/adult/walk.png","Original by Pennomi, repositioning and recolors by JaidynReiman.","JaidynReiman,Thane Brimhall (pennomi),laetissima","CC-BY-SA 3.0,GPL 3.0","https://opengameart.org/content/lpc-base-character-expressions"
"feet/boots/basic/male/walk.png","original by Nila122, edited for male and v3 bases by bluecarrot16, Jump/Sit/Emote/Run/Revised Combat by JaidynReiman","JaidynReiman,bluecarrot16,Nila122","OGA-BY 3.0,CC-BY-SA 3.0,GPL 2.0,GPL 3.0","https://opengameart.org/content/lpc-clothes-and-hair,https://opengameart.org/content/lpc-expanded-socks-shoes"
"feet/boots/basic/thin/walk.png","original by Nila122, edited for v3 bases by bluecarrot16, Jump/Sit/Emote/Run/Revised Combat by JaidynReiman","JaidynReiman,bluecarrot16,Nila122","OGA-BY 3.0,CC-BY-SA 3.0,GPL 2.0,GPL 3.0","https://opengameart.org/content/lpc-clothes-and-hair,https://opengameart.org/content/lpc-expanded-socks-shoes"
"feet/shoes/basic/male/walk.png","original by wulax, edited for v3 base by bluecarrot16, Jump/Sit/Emote/Run/Revised Combat by JaidynReiman","JaidynReiman,bluecarrot16,Johannes Sjölund (wulax)","OGA-BY 3.0,CC-BY-SA 3.0,GPL 3.0","https://opengameart.org/content/lpc-medieval-fantasy-character-sprites,http://opengameart.org/content/lpc-clothing-updates,https://opengameart.org/content/lpc-expanded-socks-shoes"
"feet/shoes/basic/thin/walk.png","original by wulax, edited for female base by Joe White, edited for v3 base by bluecarrot16, Jump/Sit/Emote/Run/Revised Combat by JaidynReiman","JaidynReiman,Joe White,Johannes Sjölund (wulax)","OGA-BY 3.0,CC-BY-SA 3.0,GPL 3.0","https://opengameart.org/content/lpc-medieval-fantasy-character-sprites,http://opengameart.org/content/lpc-clothing-updates,https://opengameart.org/content/lpc-expanded-socks-shoes"
"hair/balding/adult/walk.png","","ElizaWy","OGA-BY 3.0","https://opengameart.org/content/lpc-hair"
"hair/bob/adult/walk.png","Original by bluecarrot16. Edited and animated by ElizaWy.","ElizaWy,bluecarrot16","CC0","https://opengameart.org/content/lpc-hair,https://github.com/ElizaWy/LPC/blob/main/Characters/Hair,https://opengameart.org/content/lpc-expanded-sit-run-jump-more"
"hair/messy1/adult/walk.png","","JaidynReiman,Manuel Riecke (MrBeast)","CC-BY-SA 3.0,GPL 3.0","https://opengameart.org/content/liberated-pixel-cup-lpc-base-assets-sprites-map-tiles,https://opengameart.org/content/lpc-expanded-hair"
"hair/parted/adult/walk.png","down 4 and 5 added by JaidynReiman; recolors by Joe White; original by Manuel Riecke (MrBeast)","JaidynReiman,Joe White,Manuel Riecke (MrBeast)","CC-BY-SA 3.0,GPL 3.0","https://opengameart.org/content/liberated-pixel-cup-lpc-base-assets-sprites-map-tiles,https://github.com/jrconway3/Universal-LPC-spritesheet/commit/46ddcf05a0e43e7aa6ffd47d350eef0eb529ac24,https://opengameart.org/content/lpc-expanded-hair"
"hair/ponytail/adult/bg/walk.png","","JaidynReiman,Manuel Riecke (MrBeast)","CC-BY-SA 3.0,GPL 3.0","https://opengameart.org/content/liberated-pixel-cup-lpc-base-assets-sprites-map-tiles,https://opengameart.org/content/lpc-expanded-hair"
"hair/ponytail/adult/fg/walk.png","","JaidynReiman,Manuel Riecke (MrBeast)","CC-BY-SA 3.0,GPL 3.0","https://opengameart.org/content/liberated-pixel-cup-lpc-base-assets-sprites-map-tiles,https://opengameart.org/content/lpc-expanded-hair"
"head/heads/human/female/walk.png","original head by Redshrike, tweaks by BenCreating, modular version by bluecarrot16","bluecarrot16,Benjamin K. Smith (BenCreating),Stephen Challener (Redshrike)","OGA-BY 3.0,CC-BY-SA 3.0,GPL 3.0","https://opengameart.org/content/,https://opengameart.org/content/lpc-character-bases"
"head/heads/human/male/walk.png","original head by Redshrike, tweaks by BenCreating, modular version by bluecarrot16","bluecarrot16,Benjamin K. Smith (BenCreating),Stephen Challener (Redshrike)","OGA-BY 3.0,CC-BY-SA 3.0,GPL 3.0","https://opengameart.org/content/liberated-pixel-cup-lpc-base-assets-sprites-map-tiles,https://opengameart.org/content/lpc-character-bases"
"head/heads/zombie/adult/walk.png","","bluecarrot16,Benjamin K. Smith (BenCreating),Sander Frenken (castelonia),Stephen Challener (Redshrike)","CC-BY-SA 3.0,GPL 3.0","https://opengameart.org/content/liberated-pixel-cup-lpc-base-assets-sprites-map-tiles,https://opengameart.org/content/lpc-zombie,https://opengameart.org/content/lpc-character-bases"
"legs/pants/male/walk.png","original male pants by wulax, recolors and edits to v3 base by bluecarrot16, climb/jump/run/sit/emotes/revised combat by JaidynReiman based on ElizaWy's LPC Revised","bluecarrot16,JaidynReiman,ElizaWy,Matthew Krohn (makrohn),Johannes Sjölund (wulax),Stephen Challener (Redshrike)","OGA-BY 3.0,GPL 3.0,CC-BY-SA 3.0","https://opengameart.org/content/liberated-pixel-cup-lpc-base-assets-sprites-map-tiles,https://opengameart.org/content/lpc-medieval-fantasy-character-sprites,https://opengameart.org/content/lpc-expanded-pants"
"legs/pants/thin/walk.png","original male pants by wulax, edited for female by Joe White, recolors and edits to v3 base by bluecarrot16, teen legs by ElizaWy derived from base, climb/jump/run/sit/emotes/revised combat by JaidynReiman based on ElizaWy's LPC Revised","bluecarrot16,JaidynReiman,ElizaWy,Joe White,Matthew Krohn (makrohn),Johannes Sjölund (wulax),Stephen Challener (Redshrike)","OGA-BY 3.0,GPL 3.0,CC-BY-SA 3.0","https://opengameart.org/content/liberated-pixel-cup-lpc-base-assets-sprites-map-tiles,https://opengameart.org/content/lpc-medieval-fantasy-character-sprites,http://opengameart.org/content/lpc-clothing-updates,https://opengameart.org/content/lpc-expanded-pants"
"legs/shorts/shorts/male/walk.png","Original bases by Redshrike, thrust/shoot bases by Wulax, original overalls and shorts by ElizaWy, base animations adapted from v3 overalls by bluecarrot16, shorts by JaidynReiman","JaidynReiman,ElizaWy,Bluecarrot16,Johannes Sjölund (wulax),Stephen Challener (Redshrike)","OGA-BY 3.0,GPL 3.0","https://github.com/ElizaWy/LPC/tree/main/Characters/Clothing,https://opengameart.org/content/lpc-expanded-pants"
"neck/necklace/chain/male/walk.png","","bluecarrot16","CC0","https://opengameart.org/content/lpc-jewelry"
"neck/tie/necktie/male/walk.png","Originally by pennomi/laetissima/Makrohn, edited by bluecarrot16, animations and recolors by JaidynReiman","JaidynReiman,bluecarrot16,Thane Brimhall (pennomi),laetissima,Makrohn","CC-BY-SA 3.0,GPL 3.0","https://opengameart.org/content/lpc-2-characters,https://opengameart.org/content/lpc-gentleman"
"torso/aprons/apron/male/walk.png","","Nila122","OGA-BY 3.0,CC-BY-SA 3.0,GPL 2.0,GPL 3.0","https://opengameart.org/content/lpc-aprons"
"torso/clothes/blouse_longsleeve/female/walk.png","original princess.xcf by Sharm, edited to blouse by ElizaWy; blouse + longsleeve adapted to v3 bases by bluecarrot16","bluecarrot16,ElizaWy,Lanea Zimmerman (Sharm)","OGA-BY 3.0,CC-BY-SA 3.0,GPL 3.0","https://opengameart.org/content/liberated-pixel-cup-lpc-base-assets-sprites-map-tiles,https://opengameart.org/content/lpc-7-womens-shirts"
"torso/clothes/longsleeve/formal/male/walk.png","","bluecarrot16,Thane Brimhall (pennomi),laetissima,Stephen Challener (Redshrike),Johannes Sjölund (wulax)","CC-BY-SA 3.0,GPL 3.0","https://opengameart.org/content/lpc-medieval-fantasy-character-sprites,https://opengameart.org/content/lpc-2-characters,https://opengameart.org/content/lpc-gentleman"
"torso/clothes/longsleeve/longsleeve/female/walk.png","original by ElizaWy, edited to v3 bases by bluecarrot16; cleanup and climb/jump/run/sit/emote/revised combat adapted from LPC Revised by JaidynReiman","bluecarrot16,ElizaWy,JaidynReiman,Stephen Challener (Redshrike)","OGA-BY 3.0,CC-BY-SA 3.0,GPL 3.0","https://opengameart.org/content/liberated-pixel-cup-lpc-base-assets-sprites-map-tiles,https://opengameart.org/content/lpc-7-womens-shirts,http://opengameart.org/content/lpc-clothing-updates,https://opengameart.org/content/lpc-revised-character-basics,https://github.com/ElizaWy/LPC/tree/main/Characters/Clothing,https://opengameart.org/content/lpc-expanded-sit-run-jump-more,https://opengameart.org/content/lpc-expanded-simple-shirts"
"torso/clothes/longsleeve/longsleeve/male/walk.png","original by wulax; tweaks and further recolors by bluecarrot16; cleanup and climb/jump/run/sit/emote/revised combat adapted from LPC Revised by JaidynReiman","JaidynReiman,Johannes Sjölund (wulax)","OGA-BY 3.0,CC-BY-SA 3.0,GPL 3.0","https://opengameart.org/content/lpc-medieval-fantasy-character-sprites,http://opengameart.org/content/lpc-clothing-updates,https://opengameart.org/content/lpc-revised-character-basics,https://github.com/ElizaWy/LPC/tree/main/Characters/Clothing,https://opengameart.org/content/lpc-expanded-sit-run-jump-more,https://opengameart.org/content/lpc-expanded-simple-shirts"
"torso/clothes/shortsleeve/shortsleeve_polo/male/walk.png","original by ElizaWy; spellcast/thrust/shoot/hurt/male adapted from original by JaidynReiman","ElizaWy,JaidynReiman,Stephen Challener (Redshrike),Johannes Sjölund (wulax)","OGA-BY 3.0","http://opengameart.org/content/lpc-revised-character-basics,https://github.com/ElizaWy/LPC/tree/main/Characters/Clothing,https://opengameart.org/content/lpc-expanded-sit-run-jump-more,https://opengameart.org/content/lpc-expanded-simple-shirts"
"torso/clothes/shortsleeve/tshirt_vneck/female/walk.png","original by ElizaWy; spellcast/thrust/shoot/hurt/male adapted from original by JaidynReiman","ElizaWy,JaidynReiman,Stephen Challener (Redshrike),Johannes Sjölund (wulax)","OGA-BY 3.0","https://opengameart.org/content/lpc-revised-character-basics,https://github.com/ElizaWy/LPC/tree/main/Characters/Clothing,https://opengameart.org/content/lpc-expanded-sit-run-jump-more,https://opengameart.org/content/lpc-expanded-simple-shirts"
"torso/clothes/shortsleeve/tshirt/male/walk.png","original by ElizaWy; spellcast/thrust/shoot/hurt/male adapted from original by JaidynReiman","ElizaWy,JaidynReiman,Stephen Challener (Redshrike),Johannes Sjölund (wulax)","OGA-BY 3.0","https://opengameart.org/content/lpc-revised-character-basics,https://github.com/ElizaWy/LPC/tree/main/Characters/Clothing,https://opengameart.org/content/lpc-expanded-sit-run-jump-more,https://opengameart.org/content/lpc-expanded-simple-shirts"
"torso/clothes/vest/male/walk.png","","bluecarrot16,Thane Brimhall (pennomi),laetissima,Stephen Challener (Redshrike),Johannes Sjölund (wulax)","CC-BY-SA 3.0,GPL 3.0","https://opengameart.org/content/lpc-2-characters,https://opengameart.org/content/lpc-gentleman,https://opengameart.org/content/lpc-pirates"
"torso/jacket/collared/male/walk.png","","bluecarrot16","CC-BY-SA 3.0,GPL 3.0","https://opengameart.org/content/lpc-gentleman,https://opengameart.org/content/lpc-pirates"
